name,role,institute,group
Corina Brussaard,Project leader,NIOZ,Core team
Jef Huisman,Professor,University of Amsterdam (IBED),Partner
Susanne Wilken,Associate professor,University of Amsterdam (IBED),Partner
Dedmer Van de Waal,Professor,NIOO-KNAW,Partner
Thomas Hackl,Assistant professor,University of Groningen,Partner
Hisham Shaikh,Postdoc,NIOZ,Core team
Douchan Hanuise,Postdoc,University of Amsterdam (IBED),Partner
Li Zhao,PhD student,NIOZ,Core team
Xiaonan Cai,PhD student,NIOO-KNAW,Partner
Naomi Bakken,PhD student,University of Amsterdam (IBED),Partner
Melle Versluis,PhD student,University of Amsterdam (IBED),Partner
Lea Simon,PhD student,University of Groningen,Partner
Guy Schleyer,Researcher,NIOZ,Partner
Cara Nissen,Researcher,University of Amsterdam (IBED),Partner
Daniel Mende,Consortium member,Keio University (Japan),Consortium
Stephanie Dutkiewicz,Consortium member,MIT (USA),Consortium
Mick Follows,Consortium member,MIT (USA),Consortium
David Talmy,Consortium member,University of Tennessee (USA),Consortium
Elizabeth Borer,Consortium member,University of Minnesota (USA),Consortium
Yael Artzy-Randrup,Consortium member,University of Amsterdam,Consortium
Paula Dalcin Martins,Consortium member,University of Amsterdam,Consortium
Mathieu Odijk,Consortium member,University of Twente,Consortium
